City_ID,City,Country,Lat,Lng,Max Temp,Humidity,Cloudiness,Wind Speed,Current Description
0,Adrar,MR,20.5022,-10.0711,89.1,32,93,7.31,light rain
1,Puerto Ayora,EC,-0.7393,-90.3518,65.55,92,85,5.01,overcast clouds
2,Port Macquarie,AU,-31.4333,152.9167,62.89,61,4,7.31,clear sky
3,Colac,AU,-38.3333,143.5833,56.08,60,92,2.64,overcast clouds
4,Kieta,PG,-6.2167,155.6333,85.62,62,28,4.83,scattered clouds
5,Bathsheba,BB,13.2167,-59.5167,79.41,94,40,5.75,light rain
6,Letlhakane,BW,-21.4167,25.5833,68.74,30,0,8.77,clear sky
7,Sao Filipe,CV,14.8961,-24.4956,78.06,71,69,7.61,broken clouds
8,Hobart,AU,-42.8794,147.3294,57.25,74,75,8.05,broken clouds
9,Vaini,TO,-21.2,-175.2,77.16,78,75,8.05,broken clouds
10,Ushuaia,AR,-54.8,-68.3,44.26,61,0,6.91,clear sky
11,Bokhan,RU,53.153,103.7714,29.61,81,99,7.2,overcast clouds
12,Tuktoyaktuk,CA,69.4541,-133.0374,26.6,80,100,4.61,overcast clouds
13,Lorengau,PG,-2.0226,147.2712,85.21,67,27,9.08,scattered clouds
14,Albany,US,42.6001,-73.9662,51.67,65,100,8.5,overcast clouds
15,Chokurdakh,RU,70.6333,147.9167,21.94,73,70,9.24,broken clouds
16,Narsaq,GL,60.9167,-46.05,37.62,62,40,3.83,scattered clouds
17,Rapid Valley,US,44.0625,-103.1463,75.4,44,0,14.97,clear sky
18,Bilibino,RU,68.0546,166.4372,30.7,83,100,0.47,overcast clouds
19,Herzberg,DE,51.6869,13.2202,51.33,93,2,8.05,clear sky
20,New Norfolk,AU,-42.7826,147.0587,55.92,64,99,2.13,overcast clouds
21,Keti Bandar,PK,24.1447,67.4497,81.03,67,25,10.54,scattered clouds
22,Bluff,NZ,-46.6,168.3333,47.8,53,95,20.67,overcast clouds
23,Kishi,NG,9.0833,3.85,72.43,93,71,3.18,light rain
24,Thompson,CA,55.7435,-97.8558,69.96,40,40,17.27,scattered clouds
25,Rikitea,PF,-23.1203,-134.9692,74.82,63,8,3.83,clear sky
26,Kapaa,US,22.0752,-159.319,81.12,79,100,18.41,overcast clouds
27,Butaritari,KI,3.0707,172.7902,82.35,75,66,16.51,light rain
28,Mitsamiouli,KM,-11.3847,43.2844,73.62,76,0,3.87,clear sky
29,Nishihara,JP,26.1842,127.7558,82.45,74,20,10.36,few clouds
30,Ilulissat,GL,69.2167,-51.1,30.22,93,75,4.61,broken clouds
31,Torbay,CA,47.6666,-52.7314,45.75,76,75,6.91,broken clouds
32,Bredasdorp,ZA,-34.5322,20.0403,52.32,92,16,6.2,few clouds
33,Nizwa,OM,22.9333,57.5333,77.38,70,33,3.02,scattered clouds
34,Kourou,GF,5.1552,-52.6478,82.45,87,92,7.4,overcast clouds
35,Batticaloa,LK,7.7102,81.6924,82.08,64,99,18.3,overcast clouds
36,Port Elizabeth,ZA,-33.918,25.5701,62.89,88,0,19.57,clear sky
37,Magadan,RU,59.5667,150.8,36.54,54,100,12.03,overcast clouds
38,Boca Del Monte,MX,19.15,-96.8167,65.39,97,56,2.39,broken clouds
39,Llanes,ES,43.4198,-4.7549,64.54,79,100,7.23,overcast clouds
40,Punta Arenas,CL,-53.15,-70.9167,44.71,70,0,10.36,clear sky
41,Altar,MX,30.7,-111.8167,89.56,23,0,3.74,clear sky
42,Westport,US,41.1415,-73.3579,55.44,54,100,14.97,overcast clouds
43,Camopi,GF,3.1655,-52.3158,79.21,70,89,4.21,overcast clouds
44,Seoul,KR,37.5683,126.9778,71.04,100,100,4.61,light rain
45,Jalu,LY,29.0331,21.5482,76.93,43,0,15.93,clear sky
46,Whyalla,AU,-33.0333,137.5833,66.45,45,100,13.02,overcast clouds
47,Cape Town,ZA,-33.9258,18.4232,60.89,84,40,5.75,scattered clouds
48,Aklavik,CA,68.2191,-135.0107,29.5,92,99,4.79,light snow
49,Smithers,CA,54.7804,-127.1743,62.92,55,20,3.44,few clouds
50,Irbil,IQ,36.1926,44.0106,79.43,17,1,6.29,clear sky
51,Diplo,PK,24.4667,69.584,78.64,71,0,9.33,clear sky
52,Port Alfred,ZA,-33.5906,26.891,61.18,97,7,1.01,clear sky
53,Salinas,US,36.6777,-121.6555,75.99,57,0,13.8,smoke
54,Avarua,CK,-21.2078,-159.775,77.05,61,20,19.57,few clouds
55,Aloleng,PH,16.1307,119.7824,82.63,70,78,9.08,broken clouds
56,Maputo,MZ,-25.9653,32.5892,71.28,88,0,2.3,clear sky
57,Yellowknife,CA,62.456,-114.3525,46.92,57,40,18.41,scattered clouds
58,Bethel,US,41.3712,-73.414,53.96,57,40,10.36,scattered clouds
59,Dikson,RU,73.5069,80.5464,31.14,93,100,21.45,light snow
60,Lensk,RU,60.7253,114.9278,29.5,92,100,9.1,light snow
61,Lodwar,KE,3.1191,35.5973,82.17,40,83,10.29,broken clouds
62,Mandalgovi,MN,45.7625,106.2708,20.03,72,39,7.47,scattered clouds
63,Alghero,IT,40.5589,8.3181,68.09,94,40,3.44,scattered clouds
64,Kulhudhuffushi,MV,6.6221,73.07,78.82,83,100,23.24,overcast clouds
65,Nikolskoye,RU,59.7035,30.7861,44.49,92,97,6.04,overcast clouds
66,Marystown,CA,47.1666,-55.1483,47.01,55,100,10.38,overcast clouds
67,Mataura,NZ,-46.1927,168.8643,47.48,53,62,9.66,broken clouds
68,Upernavik,GL,72.7868,-56.1549,20.8,87,19,9.42,few clouds
69,Padang,ID,-0.9492,100.3543,77.11,89,95,2.84,overcast clouds
70,Hilo,US,19.7297,-155.09,86.25,69,20,10.36,few clouds
71,Shumikha,RU,55.2261,63.2961,41.65,45,77,12.01,broken clouds
72,Tabory,RU,58.5198,64.5495,42.96,57,100,10.42,overcast clouds
73,Harper,LR,4.375,-7.7169,75.79,90,98,7.25,light rain
74,Jamestown,US,42.097,-79.2353,51.39,69,20,4.61,few clouds
75,Atuona,PF,-9.8,-139.0333,76.86,76,23,16.91,light rain
76,Honiara,SB,-9.4333,159.95,85.73,69,50,4.23,scattered clouds
77,Saint-Philippe,RE,-21.3585,55.7679,65.79,78,24,8.5,few clouds
78,Ahipara,NZ,-35.1667,173.1667,60.94,84,66,12.48,broken clouds
79,Kaseda,JP,31.4167,130.3167,76.5,72,1,7.78,clear sky
80,Katsuura,JP,35.1333,140.3,74.1,69,83,8.66,broken clouds
81,Malakal,SS,9.5334,31.6605,74.39,76,5,3.67,clear sky
82,Norman Wells,CA,65.282,-126.8329,35.64,87,75,2.3,broken clouds
83,Nicoya,CR,10.1483,-85.452,75.78,91,100,1.07,overcast clouds
84,Mar Del Plata,AR,-38.0023,-57.5575,50.09,78,40,13.8,scattered clouds
85,Arraial Do Cabo,BR,-22.9661,-42.0278,69.66,94,75,9.22,broken clouds
86,Saldanha,ZA,-33.0117,17.9442,55.45,83,3,2.08,clear sky
87,Fortuna,US,40.5982,-124.1573,63.91,76,21,3.0,few clouds
88,Carnarvon,AU,-24.8667,113.6333,66.52,56,0,18.12,clear sky
89,Victoria,HK,22.2855,114.1577,84.25,88,14,5.01,few clouds
90,Mahebourg,MU,-20.4081,57.7,70.25,77,20,8.05,few clouds
91,Alto Araguaia,BR,-17.3147,-53.2153,70.68,86,90,1.41,overcast clouds
92,Te Anau,NZ,-45.4167,167.7167,46.15,84,89,3.85,overcast clouds
93,Valparaiso,CL,-33.0393,-71.6273,56.48,96,100,5.75,fog
94,Sfantu Gheorghe,RO,45.8667,25.7833,50.94,87,53,6.53,broken clouds
95,Karpogory,RU,64.0019,44.4451,38.16,98,100,5.48,overcast clouds
96,Eyl,SO,7.9803,49.8164,76.84,76,18,17.27,few clouds
97,Altay,CN,47.8667,88.1167,30.65,31,0,7.65,clear sky
98,Tonstad,NO,58.6626,6.7169,51.21,91,49,4.29,light rain
99,Hithadhoo,MV,-0.6,73.0833,81.28,68,72,14.52,broken clouds
100,Saint George,US,37.1041,-113.5841,87.44,37,0,5.75,clear sky
101,Chuy,UY,-33.6971,-53.4616,53.98,85,3,6.46,clear sky
102,Leningradskiy,RU,69.3833,178.4167,28.6,80,100,2.15,overcast clouds
103,Bambous Virieux,MU,-20.3428,57.7575,70.21,77,20,8.05,few clouds
104,Bengkulu,ID,-3.8004,102.2655,75.2,91,99,4.81,overcast clouds
105,Egvekinot,RU,66.3167,-179.1667,28.63,71,97,5.06,overcast clouds
106,Komsomolskiy,UZ,40.4272,71.7189,54.32,58,6,4.61,clear sky
107,Ruteng,ID,-8.6136,120.4721,70.0,77,39,1.59,scattered clouds
108,Talnakh,RU,69.4865,88.3972,31.21,94,89,12.46,light snow
109,Praia,CV,14.9215,-23.5087,79.34,69,75,12.66,broken clouds
110,Yaan,NG,7.3833,8.5667,71.24,97,56,4.54,light rain
111,Hermanus,ZA,-34.4187,19.2345,57.33,80,5,12.19,clear sky
112,Northam,GB,51.0333,-4.2167,46.26,80,96,4.03,overcast clouds
113,Bonavista,CA,48.6499,-53.1147,46.18,62,87,14.88,overcast clouds
114,Metro,ID,-5.1131,105.3067,76.12,84,100,3.47,overcast clouds
115,Sechura,PE,-5.5569,-80.8222,65.97,75,41,17.22,scattered clouds
116,Cooma,AU,-36.2333,149.1333,56.7,53,35,3.96,scattered clouds
117,Octeville,FR,49.6261,-1.6435,52.29,93,0,5.75,clear sky
118,Longyearbyen,SJ,78.2186,15.6401,37.24,93,75,2.3,light intensity drizzle rain
119,Saint Anthony,US,45.0205,-93.218,71.71,51,20,13.8,few clouds
120,Kodiak,US,57.79,-152.4072,54.91,62,100,9.22,overcast clouds
121,Banikoara,BJ,11.2985,2.4386,75.85,84,74,4.88,broken clouds
122,Cabedelo,BR,-6.9811,-34.8339,75.87,76,15,13.15,few clouds
123,Nizhniy Kuranakh,RU,58.8353,125.4869,24.51,86,100,6.69,light snow
124,Irbit,RU,57.6705,63.071,41.95,65,99,11.32,overcast clouds
125,Qui Nhon,VN,13.7667,109.2333,77.77,88,93,5.3,overcast clouds
126,Ponta Do Sol,PT,32.6667,-17.1,70.43,76,20,3.62,few clouds
127,Baykit,RU,61.67,96.37,27.28,94,98,2.91,overcast clouds
128,Ixtapa,MX,20.7,-105.2,83.23,89,100,2.3,overcast clouds
129,Turi,IT,40.9173,17.0212,65.44,77,0,3.44,clear sky
130,Porto Velho,BR,-8.7619,-63.9039,77.05,88,20,3.44,few clouds
131,Tasiilaq,GL,65.6145,-37.6368,39.36,98,100,18.3,light rain
132,Tadine,NC,-21.55,167.8833,73.87,70,100,13.96,overcast clouds
133,Zemio,CF,5.0314,25.1361,67.95,98,97,4.63,light rain
134,Pevek,RU,69.7008,170.3133,30.52,86,100,10.36,overcast clouds
135,Port-Gentil,GA,-0.7193,8.7815,76.96,94,75,9.22,broken clouds
136,Alyangula,AU,-13.8483,136.4192,83.98,61,83,11.52,broken clouds
137,Davila,PH,18.4726,120.5763,78.78,70,20,8.75,few clouds
138,Taboshar,TJ,40.5686,69.6413,43.12,35,11,2.26,few clouds
139,Acarau,BR,-2.8856,-40.12,77.76,80,6,17.49,clear sky
140,Grand Baie,MU,-20.0182,57.5802,70.45,64,32,4.0,scattered clouds
141,Clyde River,CA,70.4692,-68.5914,30.43,69,100,4.61,overcast clouds
142,Union,US,40.6334,-74.2663,57.43,61,100,19.57,overcast clouds
143,Saint-Augustin,CA,51.226,-58.6502,40.06,50,52,10.65,broken clouds
144,Pangnirtung,CA,66.1451,-65.7125,30.63,60,1,3.44,clear sky
145,Ngunguru,NZ,-35.6167,174.5,61.7,80,42,12.91,scattered clouds
146,Los Llanos De Aridane,ES,28.6585,-17.9182,67.75,71,75,8.05,broken clouds
147,Bukama,CD,-9.2,25.85,75.24,70,88,1.45,overcast clouds
148,Qaanaaq,GL,77.484,-69.3632,8.55,73,18,7.72,few clouds
149,Choma,ZM,-16.8065,26.9531,66.22,30,0,4.43,clear sky
150,Mikkeli,FI,61.6886,27.2723,39.31,100,100,2.3,fog
151,Cherskiy,RU,68.75,161.3,28.56,88,100,12.44,overcast clouds
152,Drummondville,CA,45.8834,-72.4824,52.72,64,91,2.55,overcast clouds
153,Boguchany,RU,58.3814,97.4531,28.45,90,100,4.7,overcast clouds
154,Olga,RU,43.7444,135.2892,62.08,82,100,2.48,overcast clouds
155,Foz Do Iguacu,BR,-25.5478,-54.5881,72.52,46,0,4.61,clear sky
156,Khatanga,RU,71.9667,102.5,24.19,96,100,11.36,light snow
157,Nome,US,64.5011,-165.4064,46.17,53,0,11.5,clear sky
158,Brainerd,US,46.358,-94.2008,66.22,52,75,9.22,broken clouds
159,Tiksi,RU,71.6872,128.8694,24.44,90,100,8.19,overcast clouds
160,Angoche,MZ,-16.2325,39.9086,73.58,86,8,3.18,clear sky
161,Yar-Sale,RU,66.8333,70.8333,36.25,83,100,13.67,overcast clouds
162,Mayo,US,38.8876,-76.5119,56.08,94,100,7.0,overcast clouds
163,Ribeira Grande,PT,38.5167,-28.7,71.74,87,96,10.16,light rain
164,Cap Malheureux,MU,-19.9842,57.6142,70.47,64,40,4.0,scattered clouds
165,Zharkent,KZ,44.1628,80.0,45.12,35,1,1.36,clear sky
166,Lavrentiya,RU,65.5833,-171.0,39.38,70,28,11.61,scattered clouds
167,Waipawa,NZ,-41.4122,175.5153,48.52,94,100,11.68,overcast clouds
168,Geraldton,AU,-28.7667,114.6,55.81,82,66,13.8,broken clouds
169,Lufilufi,WS,-13.8745,-171.5986,89.38,65,3,16.46,clear sky
170,Flin Flon,CA,54.7682,-101.865,66.04,55,75,11.5,broken clouds
171,Lar,IN,26.2039,83.9717,77.54,74,50,3.29,scattered clouds
172,Aldan,RU,58.6031,125.3894,20.84,91,100,6.02,light snow
173,Oum Hadjer,TD,13.2954,19.6966,78.26,68,32,18.3,scattered clouds
174,Tilichiki,RU,60.4667,166.1,36.91,71,100,8.05,overcast clouds
175,Barrow,US,71.2906,-156.7887,28.42,74,20,17.27,few clouds
176,Ha Giang,VN,22.8333,104.9833,75.16,98,91,0.38,overcast clouds
177,Palmer,US,42.1584,-72.3287,51.42,62,75,6.91,broken clouds
178,Hambantota,LK,6.1241,81.1185,79.83,76,94,20.98,overcast clouds
179,Parintins,BR,-2.6283,-56.7358,75.69,85,87,2.89,overcast clouds
180,Portland,US,45.5234,-122.6762,89.71,40,0,9.22,clear sky
181,Busselton,AU,-33.65,115.3333,55.18,56,68,10.87,broken clouds
182,Kaitangata,NZ,-46.2817,169.8464,50.29,56,54,15.79,broken clouds
183,Havoysund,NO,70.9963,24.6622,41.23,78,100,2.37,overcast clouds
184,Kavieng,PG,-2.5744,150.7967,84.83,67,5,9.17,light rain
185,Pitea,SE,65.3172,21.4794,48.29,90,97,4.14,overcast clouds
186,Hobyo,SO,5.3505,48.5268,76.24,87,97,20.74,overcast clouds
187,Ormara,PK,25.2088,64.6357,79.11,82,15,8.72,few clouds
188,Pandharpur,IN,17.6667,75.3333,73.18,83,45,9.42,scattered clouds
189,Kiama,AU,-34.6833,150.8667,62.38,65,8,2.91,clear sky
190,Houma,US,29.5958,-90.7195,81.0,45,0,9.22,clear sky
191,Pimentel,PE,-6.8367,-79.9342,61.09,82,75,16.11,broken clouds
192,Olafsvik,IS,64.8945,-23.7142,49.05,84,93,21.14,light rain
193,Cidreira,BR,-30.1811,-50.2056,61.18,89,44,7.11,scattered clouds
194,Sulmona,IT,42.0479,13.9291,62.42,66,17,5.37,few clouds
195,Narwana,IN,29.6167,76.1167,75.81,52,0,4.9,clear sky
196,Tiarei,PF,-17.5333,-149.3333,84.22,72,91,14.58,overcast clouds
197,Jinchang,CN,38.4953,102.1739,45.86,32,98,3.44,overcast clouds
198,Xichang,CN,27.8964,102.2634,64.65,93,14,0.58,few clouds
199,Chernyshevsk,RU,52.5243,117.0174,29.1,40,35,4.72,scattered clouds
200,Atar,MR,20.5169,-13.0499,89.82,24,17,5.03,few clouds
201,Poronaysk,RU,49.2167,143.1167,57.92,78,94,10.27,overcast clouds
202,Otradnoye,RU,59.7775,30.8181,44.65,91,100,5.91,overcast clouds
203,Manavalakurichi,IN,8.1333,77.3,77.72,84,97,13.82,overcast clouds
204,Bairiki,KI,1.3292,172.9752,87.8,62,40,12.66,scattered clouds
205,Eureka,US,40.8021,-124.1637,72.68,79,28,1.99,scattered clouds
206,Kruisfontein,ZA,-34.0033,24.7314,56.88,65,0,15.26,clear sky
207,Castro,BR,-24.7911,-50.0119,59.94,89,55,4.65,broken clouds
208,Labuhan,ID,-6.8844,112.2051,80.28,78,95,9.46,overcast clouds
209,Eisenberg,DE,50.9667,11.9,50.65,87,6,10.58,clear sky
210,San Cristobal,VE,7.7669,-72.225,75.38,94,76,2.57,broken clouds
211,Airai,TL,-8.9266,125.4092,68.63,73,93,1.03,overcast clouds
212,Santa Cruz De Tenerife,ES,28.4682,-16.2546,73.45,68,40,6.91,haze
213,Makakilo City,US,21.3469,-158.0858,79.12,82,100,12.66,light rain
214,Nanortalik,GL,60.1432,-45.2371,36.73,83,37,10.85,scattered clouds
215,Gamba,GA,-2.65,10.0,75.18,90,100,3.4,overcast clouds
216,Koungou,YT,-12.7336,45.2042,73.11,83,0,6.91,clear sky
217,Ramhormoz,IR,31.28,49.6035,83.7,14,0,4.21,clear sky
218,Naze,JP,28.3667,129.4833,81.52,68,10,10.67,clear sky
219,Nantucket,US,41.2835,-70.0995,55.51,75,100,24.16,overcast clouds
220,Port Hedland,AU,-20.3167,118.5667,77.05,73,53,8.05,broken clouds
221,Dodge City,US,37.7528,-100.0171,82.24,20,0,12.66,clear sky
222,Corrientes,AR,-27.4806,-58.8341,70.99,53,0,6.91,clear sky
223,Saskylakh,RU,71.9167,114.0833,26.08,94,100,13.47,overcast clouds
224,Murgab,TM,37.4966,61.9714,51.67,62,75,4.61,broken clouds
225,Tessalit,ML,20.1986,1.0114,91.78,22,67,9.04,broken clouds
226,Buchanan,LR,5.8808,-10.0467,75.38,91,100,6.22,moderate rain
227,Beyneu,KZ,45.3167,55.2,51.31,44,0,12.39,clear sky
228,Straumen,NO,63.8709,11.2999,50.0,85,100,7.0,light rain
229,Methoni,GR,36.8197,21.7049,72.21,76,0,12.55,clear sky
230,Borgarnes,IS,64.5383,-21.9206,50.05,95,100,6.6,overcast clouds
231,Balkhash,KZ,46.844,74.9804,37.8,46,0,21.21,clear sky
232,Amapa,BR,1.0,-52.0,78.57,65,70,4.34,moderate rain
233,Atambua,ID,-9.1061,124.8925,80.08,72,94,1.41,overcast clouds
234,Rochegda,RU,62.8,43.25,42.1,93,100,5.93,overcast clouds
235,Mizan Teferi,ET,6.9833,35.5833,59.47,95,70,2.44,broken clouds
236,Urumqi,CN,43.801,87.6005,32.95,51,0,2.24,clear sky
237,Lebu,CL,-37.6167,-73.65,50.52,86,83,4.54,broken clouds
238,Salalah,OM,17.0151,54.0924,80.69,78,75,6.91,broken clouds
239,Williams Lake,CA,52.1415,-122.1445,79.05,38,20,4.61,few clouds
240,Codrington,AU,-38.2667,141.9667,59.97,69,99,3.06,overcast clouds
241,Ocampo,MX,21.65,-101.5,63.07,36,88,18.86,overcast clouds
242,Klaksvik,FO,62.2266,-6.589,52.72,88,42,21.99,scattered clouds
243,Kholtoson,RU,50.2981,103.3097,21.09,71,13,2.19,few clouds
244,Palaia Fokaia,GR,37.72,23.9463,74.84,49,0,10.45,clear sky
245,Port Hardy,CA,50.6996,-127.4199,55.58,88,20,3.44,fog
246,Bawku,GH,11.0616,-0.2417,75.6,83,60,4.36,broken clouds
247,Korla,CN,41.7597,86.1469,45.55,26,0,13.22,clear sky
248,San Quintin,MX,30.4833,-115.95,70.02,72,27,13.51,scattered clouds
249,Toyo,PH,10.7333,125.0167,81.64,87,94,4.65,overcast clouds
250,Kahului,US,20.8947,-156.47,86.02,62,40,14.97,light rain
251,Beira,MZ,-19.8436,34.8389,69.93,86,0,2.53,clear sky
252,Broken Hill,AU,-31.95,141.4333,69.71,33,72,15.5,broken clouds
253,Presidente Medici,BR,-11.1753,-61.9014,75.94,85,93,3.65,moderate rain
254,Nabire,ID,-3.3667,135.4833,83.88,68,47,0.58,scattered clouds
255,Am Timan,TD,11.0297,20.2827,71.31,87,100,6.42,overcast clouds
256,Richards Bay,ZA,-28.783,32.0377,68.22,94,1,8.14,clear sky
257,Inirida,CO,3.8653,-67.9239,73.22,91,74,1.61,broken clouds
258,Ewa Beach,US,21.3156,-158.0072,80.55,83,100,12.66,light rain
259,Japura,ID,-0.3167,102.35,73.17,96,100,1.3,overcast clouds
260,Goure,NE,13.9835,10.2704,89.85,24,100,4.43,overcast clouds
261,Verkhnyaya Inta,RU,65.9811,60.3094,39.27,93,100,5.79,light rain
262,Pisco,PE,-13.7,-76.2167,61.02,82,20,14.97,mist
263,Shimoda,JP,34.6667,138.95,71.96,69,78,8.5,broken clouds
264,San Jeronimo,PE,-11.9472,-75.2829,54.84,64,89,4.99,overcast clouds
265,Provideniya,RU,64.3833,-173.3,39.36,81,40,13.42,scattered clouds
266,Ostrovnoy,RU,68.0531,39.5131,35.13,85,50,10.11,scattered clouds
267,Sibolga,ID,1.7427,98.7792,74.91,89,100,2.13,overcast clouds
268,Tianpeng,CN,30.9866,103.9393,74.71,88,99,5.77,overcast clouds
269,Athabasca,CA,54.7169,-113.2854,68.7,39,13,11.39,few clouds
270,Moree,AU,-29.4667,149.85,66.02,49,1,7.47,clear sky
271,Ketchikan,US,55.3422,-131.6461,55.87,71,20,12.66,few clouds
272,Lata,PT,40.1629,-8.3327,60.93,38,15,4.32,few clouds
273,Mohacs,HU,45.9931,18.6831,56.66,93,100,5.93,overcast clouds
274,Dzhebariki-Khaya,RU,62.2167,135.8,25.9,55,91,3.47,overcast clouds
275,La Ronge,CA,55.1001,-105.2842,71.85,37,20,11.5,few clouds
276,Pregradnaya,RU,43.9508,41.1994,56.17,67,100,0.85,overcast clouds
277,Tumpat,MY,6.1978,102.171,75.18,94,40,2.3,scattered clouds
278,Ancud,CL,-41.8697,-73.8203,50.49,78,100,5.75,overcast clouds
279,Nizhniy Tsasuchey,RU,50.5167,115.1333,28.47,57,5,17.29,clear sky
280,Iqaluit,CA,63.7506,-68.5145,28.13,79,75,2.3,broken clouds
281,Muncar,ID,-8.4333,114.3333,78.75,85,70,2.8,broken clouds
282,Lokoja,NG,7.8024,6.743,73.04,95,49,2.82,scattered clouds
283,Vestmannaeyjar,IS,63.4427,-20.2734,50.85,95,100,20.18,light rain
284,Honolulu,US,21.3069,-157.8583,80.42,88,100,12.66,light rain
285,Tooele,US,40.5308,-112.2983,69.96,42,0,3.44,clear sky
286,Dabat,ET,12.9842,37.765,52.68,70,84,2.53,broken clouds
287,Ulagan,RU,50.6321,87.9563,16.09,73,1,3.22,clear sky
288,Bac Giang,VN,21.2667,106.2,77.07,90,13,3.22,few clouds
289,Andros Town,BS,24.7,-77.7667,82.36,59,39,10.02,scattered clouds
290,Kharitonovo,RU,61.4009,47.4978,50.5,98,100,5.55,overcast clouds
291,Agboville,CI,5.928,-4.2132,71.91,99,89,2.24,overcast clouds
292,Yarim,YE,14.298,44.3779,56.75,61,98,4.79,light rain
293,San Juan,AR,-31.5375,-68.5364,76.28,28,0,20.89,clear sky
294,Tabou,CI,4.423,-7.3528,75.47,92,90,6.31,light rain
295,Evans,US,33.5337,-82.1307,73.04,58,100,4.61,overcast clouds
296,Asau,RO,46.4333,26.4,52.72,72,60,8.01,broken clouds
297,Baruun-Urt,MN,46.6806,113.2792,22.96,67,46,9.57,scattered clouds
298,Vila Franca Do Campo,PT,37.7167,-25.4333,74.19,87,60,12.06,broken clouds
299,Belur,IN,13.1667,75.8667,66.85,94,100,5.1,overcast clouds
300,Sao Felix Do Xingu,BR,-6.6447,-51.995,80.26,48,87,2.53,overcast clouds
301,Nago,JP,26.5881,127.9761,83.25,73,12,11.01,few clouds
302,Aquiraz,BR,-3.9014,-38.3911,80.69,84,13,12.39,few clouds
303,Vidim,RU,56.4088,103.1106,27.64,89,100,6.69,overcast clouds
304,Sugal,PH,5.6622,125.4617,83.44,71,100,9.51,overcast clouds
305,Crib Point,AU,-38.35,145.2,58.41,86,100,2.91,overcast clouds
306,Rawson,AR,-43.3002,-65.1023,49.86,56,100,18.07,overcast clouds
307,Yulara,AU,-25.2406,130.9889,75.74,45,21,16.78,few clouds
308,Punaauia,PF,-17.6333,-149.6,83.84,61,40,10.0,scattered clouds
309,North Bend,US,43.4065,-124.2243,60.71,88,100,6.91,overcast clouds
310,Ponta Delgada,PT,37.7333,-25.6667,74.5,88,20,12.66,few clouds
311,Salvador,SV,13.8333,-88.9167,74.05,98,96,2.44,overcast clouds
312,Mokhotlong,LS,-29.2894,29.0675,56.48,23,0,3.38,clear sky
313,Ajdabiya,LY,30.7554,20.2263,72.81,64,0,13.2,clear sky
314,Sobolevo,RU,54.4299,31.8996,46.76,96,100,15.23,light rain
315,Souillac,MU,-20.5167,57.5167,68.38,77,20,8.05,few clouds
316,Severo-Kurilsk,RU,50.6789,156.125,48.25,63,97,9.78,overcast clouds
317,Asadabad,IR,34.7824,48.1185,58.96,40,0,2.01,clear sky
318,Sharjah,AE,25.3573,55.4033,85.98,83,3,5.75,haze
319,Jacareacanga,BR,-6.2222,-57.7528,75.78,81,74,2.3,broken clouds
320,Catuday,PH,16.2923,119.8062,81.27,72,72,11.9,broken clouds
321,Huarmey,PE,-10.0681,-78.1522,63.84,83,38,9.46,scattered clouds
322,Avera,US,33.194,-82.5271,71.65,60,34,7.72,scattered clouds
323,Sitka,US,57.0531,-135.33,55.29,62,20,5.75,few clouds
324,Sao Joao Da Barra,BR,-21.6403,-41.0511,73.49,88,43,4.68,scattered clouds
325,Port Shepstone,ZA,-30.7414,30.455,67.24,91,21,12.08,few clouds
326,Homer,US,59.6425,-151.5483,53.47,82,100,5.75,light rain
327,Terrace Bay,CA,48.7834,-87.1,46.26,77,45,6.31,scattered clouds
328,Vardo,NO,70.3705,31.1107,40.98,93,100,5.75,overcast clouds
329,Banda Aceh,ID,5.5577,95.3222,79.61,73,83,13.42,broken clouds
330,Asyut,EG,27.181,31.1837,82.58,30,0,8.34,clear sky
331,Belmonte,BR,-15.8631,-38.8828,74.03,90,19,6.51,few clouds
332,East London,ZA,-33.0153,27.9116,66.65,93,28,6.02,scattered clouds
333,Whitehorse,CA,60.7161,-135.0538,54.37,46,75,18.41,broken clouds
334,Beian,NO,63.6559,9.5683,51.01,93,75,12.66,broken clouds
335,Tuatapere,NZ,-46.1333,167.6833,48.16,66,99,13.2,overcast clouds
336,Brokopondo,SR,4.75,-55.1667,78.39,85,92,10.47,overcast clouds
337,Alofi,NU,-19.0595,-169.9187,80.49,61,50,12.66,scattered clouds
338,Saint-Georges,GD,12.0564,-61.7485,82.08,83,20,9.22,few clouds
339,Sioux Lookout,CA,50.1001,-91.917,64.47,59,40,6.91,scattered clouds
340,Manado,ID,1.487,124.8455,83.17,78,20,2.3,few clouds
341,Samarai,PG,-10.6167,150.6667,82.27,78,90,10.31,overcast clouds
342,Ayorou,NE,14.7308,0.9174,90.79,41,35,6.2,scattered clouds
343,Neepawa,CA,50.2289,-99.4664,63.0,53,89,4.88,overcast clouds
344,Conceicao Do Araguaia,BR,-8.2578,-49.2647,90.99,20,59,4.09,broken clouds
345,Kurilsk,RU,45.2333,147.8833,54.99,69,6,12.77,clear sky
346,Vao,NC,-22.6667,167.4833,70.12,73,100,14.32,overcast clouds
347,Esperance,AU,-33.8667,121.9,55.42,79,79,19.08,broken clouds
348,Zhigansk,RU,66.7697,123.3711,23.22,82,91,3.24,overcast clouds
349,Yagodnoye,RU,62.55,149.6667,19.58,90,100,2.35,overcast clouds
350,Meulaboh,ID,4.1363,96.1285,75.99,85,98,3.04,overcast clouds
351,Raga,SS,8.4596,25.678,70.72,91,80,3.22,broken clouds
352,Guerrero Negro,MX,27.9769,-114.0611,71.19,68,0,16.04,clear sky
353,Vernon,CA,50.2581,-119.2691,83.23,35,0,2.3,clear sky
354,Ust-Kuyga,RU,70.0167,135.6,21.72,85,100,6.17,overcast clouds
355,Cuamba,MZ,-14.8031,36.5372,71.98,52,0,2.95,clear sky
356,Pangai,TO,-19.8,-174.35,82.51,57,40,13.8,scattered clouds
357,Port Lincoln,AU,-34.7333,135.8667,62.71,64,100,13.35,overcast clouds
358,Luderitz,NA,-26.6481,15.1594,58.12,75,0,14.7,clear sky
359,Cururupu,BR,-1.8283,-44.8683,77.52,83,86,6.35,overcast clouds
360,Moerai,PF,-22.4333,-151.3333,71.87,70,14,24.18,few clouds
361,Isangel,VU,-19.55,169.2667,77.11,94,100,2.3,overcast clouds
362,Namibe,AO,-15.1961,12.1522,63.46,88,17,5.46,few clouds
363,Marsaxlokk,MT,35.8419,14.5431,73.08,88,20,8.05,few clouds
364,Hasaki,JP,35.7333,140.8333,75.22,66,99,6.71,overcast clouds
365,Caravelas,BR,-17.7125,-39.2481,73.92,90,20,7.74,few clouds
366,Bambanglipuro,ID,-7.95,110.2833,78.37,84,98,5.5,light rain
367,Hearst,CA,49.6835,-83.6665,48.45,68,96,6.02,overcast clouds
368,Lenggries,DE,47.6833,11.5667,50.65,96,99,2.48,light rain
369,Soyo,AO,-6.1349,12.3689,75.24,87,96,6.04,overcast clouds
370,Fukue,JP,32.6881,128.8419,77.36,83,75,10.36,broken clouds
371,Los Algarrobos,PA,8.5,-82.4333,81.01,78,20,8.05,few clouds
372,Chipinge,ZW,-20.1883,32.6236,60.87,44,0,4.23,clear sky
373,Thinadhoo,MV,0.5333,72.9333,82.09,69,100,16.8,overcast clouds
374,Champerico,GT,14.3,-91.9167,82.94,84,89,2.06,overcast clouds
375,Luganville,VU,-15.5333,167.1667,85.28,62,17,4.29,few clouds
376,Zabid,YE,14.1951,43.3152,90.03,48,100,5.23,overcast clouds
377,Gallup,US,35.5281,-108.7426,63.36,72,75,12.66,broken clouds
378,Aksu,CN,41.1231,80.2644,51.84,29,67,3.96,broken clouds
379,Conde,BR,-7.2597,-34.9075,74.66,88,0,4.61,clear sky
380,Brae,GB,60.3964,-1.353,53.55,91,70,16.98,broken clouds
381,Ilovlya,RU,49.3033,43.9796,65.88,55,100,22.68,overcast clouds
382,Pemba,MZ,-12.974,40.5178,74.7,73,2,5.57,clear sky
383,Aurich,DE,53.4667,7.4833,57.92,94,11,4.61,few clouds
384,Kerema,PG,-7.9631,145.7785,83.37,74,87,4.76,overcast clouds
385,Montague,US,42.5356,-72.5351,51.19,74,100,5.79,overcast clouds
386,Burias,PH,11.4463,122.5497,82.11,83,69,1.5,broken clouds
387,Manzhouli,CN,49.6,117.4333,27.52,55,1,20.02,clear sky
388,Kalmunai,LK,7.4167,81.8167,81.01,64,100,9.19,overcast clouds
389,Kumluca,TR,36.3703,30.2869,77.38,59,0,5.66,clear sky
390,Coquimbo,CL,-29.9533,-71.3436,55.13,94,100,11.5,overcast clouds
391,Santa Maria,BR,-29.6842,-53.8069,56.5,88,0,1.14,clear sky
392,Ust-Maya,RU,60.4167,134.5333,27.09,70,100,9.33,overcast clouds
393,Half Moon Bay,US,37.4636,-122.4286,75.22,64,20,17.27,few clouds
394,Port Blair,IN,11.6667,92.75,78.84,94,40,2.3,mist
395,Hami,CN,42.8,93.45,42.04,20,1,7.14,clear sky
396,Auki,SB,-8.7676,160.7034,86.68,63,42,1.59,scattered clouds
397,Alice Springs,AU,-23.7,133.8833,74.75,40,100,14.97,overcast clouds
398,Evensk,RU,61.95,159.2333,35.56,53,31,4.45,scattered clouds
399,Yumen,CN,40.2833,97.2,34.18,13,45,13.42,scattered clouds
400,Tezu,IN,27.9167,96.1667,76.78,78,99,2.82,overcast clouds
401,Lasem,ID,-6.6922,111.4527,80.02,79,98,5.73,overcast clouds
402,Chabahar,IR,25.2919,60.643,79.14,80,1,2.51,clear sky
403,Batagay-Alyta,RU,67.8006,130.4114,12.38,75,69,3.51,broken clouds
404,Georgetown,MY,5.4112,100.3354,78.89,92,20,3.44,few clouds
405,Krasnyy Kholm,RU,58.0607,37.1203,44.58,95,100,12.62,overcast clouds
406,Onda,ES,39.9667,-0.25,64.9,71,57,3.06,broken clouds
407,Bonaventure,CA,48.0457,-65.4926,43.38,75,3,4.61,clear sky
408,Awbari,LY,26.5921,12.7805,79.95,45,1,9.69,clear sky
409,Aleksandrov Gay,RU,50.147,48.5704,62.28,42,92,19.91,overcast clouds
410,Beaufort,MY,5.3473,115.7455,79.93,85,93,2.42,overcast clouds
411,Black River,JM,18.0264,-77.8487,80.19,83,92,2.84,overcast clouds
412,Kudinovo,RU,54.9994,36.2533,57.72,94,100,17.67,overcast clouds
413,Boa Vista,BR,2.8197,-60.6733,76.98,88,40,3.44,scattered clouds
414,Teofilo Otoni,BR,-17.8575,-41.5053,71.96,84,76,3.4,broken clouds
415,Pombas,CV,17.1503,-25.0201,74.98,61,53,10.2,broken clouds
416,Kaeo,NZ,-35.1,173.7833,67.32,81,80,9.91,broken clouds
417,Beinamar,TD,8.6698,15.3813,72.55,95,88,4.27,overcast clouds
418,Palestine,PS,31.9216,35.2033,68.94,59,0,3.6,clear sky
419,Camacha,PT,33.0833,-16.3333,67.42,73,20,5.75,few clouds
420,Haines Junction,CA,60.7522,-137.5108,55.35,35,64,4.61,broken clouds
421,Burns Lake,CA,54.2331,-125.7533,65.62,56,84,2.64,broken clouds
422,Kargil,IN,34.5667,76.1,41.94,54,0,4.5,clear sky
423,Laguna,US,38.421,-121.4238,86.31,41,0,5.75,clear sky
424,Berlevag,NO,70.8578,29.0864,40.95,81,100,4.61,overcast clouds
425,Mayumba,GA,-3.432,10.6554,75.42,90,98,4.63,overcast clouds
426,Hwange,ZW,-18.3693,26.5019,72.68,29,0,2.01,clear sky
427,Bud,US,39.447,-86.1758,67.98,56,0,8.84,clear sky
428,Rio Bravo,MX,25.9833,-98.1,89.29,30,75,0.0,broken clouds
429,Dabeiba,CO,7.0017,-76.2672,74.26,98,89,0.96,overcast clouds
430,Aurangabad,IN,19.8833,75.3333,71.44,81,20,6.38,few clouds
431,Fairbanks,US,64.8378,-147.7164,45.09,88,75,0.0,broken clouds
432,Margate,GB,51.3813,1.3862,51.31,60,9,1.59,clear sky
433,Fougamou,GA,-1.2154,10.5838,72.72,99,100,0.56,moderate rain
434,Kavaratti,IN,10.5669,72.642,79.95,80,100,12.53,overcast clouds
435,Ouegoa,NC,-20.35,164.4333,79.11,52,98,4.74,overcast clouds
436,Manuk Mangkaw,PH,4.8,119.85,83.59,71,100,5.28,overcast clouds
437,Praia Da Vitoria,PT,38.7333,-27.0667,71.76,100,75,15.3,light intensity shower rain
438,Nemuro,JP,43.3236,145.575,59.31,76,49,14.16,scattered clouds
439,Sinnamary,GF,5.3833,-52.95,79.25,88,98,9.08,overcast clouds
440,Kashan,IR,33.9831,51.4364,71.69,34,2,1.72,clear sky
441,Barcelos,PT,41.5388,-8.6151,68.85,56,30,4.81,scattered clouds
442,Zhangye,CN,38.9342,100.4517,44.92,18,99,5.88,overcast clouds
443,Faanui,PF,-16.4833,-151.75,78.91,72,31,14.25,scattered clouds
444,Ozu,JP,33.5,132.55,74.82,70,88,4.34,overcast clouds
445,Mozarlandia,BR,-14.7447,-50.5706,81.1,56,70,6.55,broken clouds
446,Hualmay,PE,-11.0964,-77.6139,62.76,82,60,9.84,broken clouds
447,Kloulklubed,PW,7.0419,134.2556,82.9,74,97,8.66,overcast clouds
448,Cabo San Lucas,MX,22.8909,-109.9124,90.7,69,81,5.21,broken clouds
449,Touros,BR,-5.1989,-35.4608,76.82,74,9,15.46,clear sky
450,Fukuma,JP,33.7667,130.4667,77.29,71,23,3.8,few clouds
451,Arkhonskaya,RU,43.11,44.5125,51.46,93,95,4.47,overcast clouds
452,Martinsville,US,36.6915,-79.8725,57.38,95,100,10.36,overcast clouds
453,Careiro Da Varzea,BR,-3.2003,-59.8119,86.61,73,99,4.21,overcast clouds
454,Flinders,AU,-34.5833,150.8552,62.19,65,10,5.01,clear sky
455,Comodoro Rivadavia,AR,-45.8667,-67.5,49.86,71,0,17.27,clear sky
456,Supe,PE,-10.8,-77.7333,62.26,83,41,8.84,scattered clouds
457,Riachao Das Neves,BR,-11.7461,-44.91,87.4,29,84,3.33,broken clouds
458,Dingle,PH,10.9995,122.6711,82.33,83,94,6.64,overcast clouds
459,Poum,NC,-20.2333,164.0167,74.5,66,95,14.25,overcast clouds
460,Burnie,AU,-41.0667,145.9167,58.95,58,99,5.73,overcast clouds
461,Luau,AO,-10.7073,22.2247,70.48,69,97,7.78,overcast clouds
462,Aksarka,RU,66.5606,67.7975,35.55,87,100,12.44,overcast clouds
463,Grindavik,IS,63.8424,-22.4338,50.47,93,75,20.71,light rain
464,Sola,VU,-13.8833,167.55,84.87,70,17,2.3,few clouds
465,Kathu,TH,7.9178,98.3332,84.74,87,100,8.93,overcast clouds
466,Mount Pleasant,US,32.7941,-79.8626,68.99,77,100,3.44,overcast clouds
467,Akyab,MM,20.15,92.9,78.76,90,100,12.03,overcast clouds
468,Shibetsu,JP,43.659,145.132,60.22,80,57,13.06,broken clouds
469,Beloha,MG,-25.1667,45.05,66.11,75,0,3.91,clear sky
470,Tommot,RU,58.9564,126.2925,25.7,87,100,6.96,light snow
471,Verkhnevilyuysk,RU,63.4453,120.3167,26.08,86,78,2.19,broken clouds
472,Norsup,VU,-16.0667,167.3833,83.39,68,21,2.42,few clouds
473,Gondanglegi,ID,-7.7479,112.0132,79.48,81,89,9.93,overcast clouds
474,Wattegama,LK,6.7989,81.4808,77.23,71,100,3.76,overcast clouds
475,Kenora,CA,49.8167,-94.4337,61.77,67,75,8.05,broken clouds
476,Lucea,JM,18.451,-78.1736,76.86,78,89,3.24,overcast clouds
477,Yining,CN,29.0361,114.5636,85.05,57,0,1.81,clear sky
478,Andenes,NO,69.3143,16.1194,44.92,93,100,6.91,drizzle
479,Vanavara,RU,60.34,102.2797,27.32,92,100,5.59,overcast clouds
480,Sarkand,KZ,45.41,79.9186,41.92,18,0,4.05,clear sky
481,Lagoa,PT,39.05,-27.9833,70.74,87,100,3.8,light rain
482,Villazon,BO,-22.0866,-65.5942,45.79,69,92,12.62,overcast clouds
483,San Vicente,AR,-26.6167,-54.1333,57.27,85,13,3.8,few clouds
484,Magadi,IN,12.9667,77.2333,65.86,92,100,4.85,overcast clouds
485,Barranca,PE,-10.75,-77.7667,61.57,84,39,8.68,scattered clouds
486,Opuwo,NA,-18.0607,13.84,71.91,24,0,1.99,clear sky
487,Moron,AR,-34.6534,-58.6198,65.95,74,16,11.5,few clouds
488,Boundiali,CI,9.5217,-6.4869,71.42,96,100,5.17,light rain
489,Kidal,ML,18.4411,1.4078,93.34,22,40,4.09,scattered clouds
490,Colares,PT,38.7992,-9.4469,74.39,71,1,1.01,clear sky
491,Hochstadt,DE,49.2475,8.2089,52.79,90,32,3.62,scattered clouds
492,Naryan-Mar,RU,67.6713,53.087,37.67,90,96,5.73,overcast clouds
493,Havelock,US,34.8791,-76.9013,69.78,81,100,8.05,overcast clouds
494,Lalibela,ET,12.0333,39.0333,59.7,77,100,3.0,light rain
495,Bacong,PH,9.2464,123.2956,82.71,83,100,9.24,overcast clouds
496,Muros,ES,42.7762,-9.0603,59.85,89,99,6.42,overcast clouds
497,Panalingaan,PH,8.7842,117.4231,81.99,77,92,3.42,overcast clouds
498,Vostok,RU,46.4856,135.8833,61.39,58,57,5.7,broken clouds
499,Plaster Rock,CA,46.9065,-67.39,43.32,73,3,4.32,clear sky
500,Constitucion,CL,-35.3333,-72.4167,51.62,92,39,8.86,scattered clouds
501,Chesma,RU,53.8111,60.6533,37.6,47,48,7.63,scattered clouds
502,Chulman,RU,56.8479,124.9104,20.97,83,100,10.67,overcast clouds
503,Zhangjiakou,CN,40.81,114.8794,49.35,75,100,12.33,moderate rain
504,Chilca,PE,-12.5211,-76.7372,61.29,85,87,8.25,overcast clouds
505,Kralendijk,BQ,12.15,-68.2667,84.18,84,40,10.36,scattered clouds
506,Florianopolis,BR,-27.6146,-48.5012,63.63,78,75,9.22,broken clouds
507,Silver City,US,32.7701,-108.2803,73.36,46,0,8.05,clear sky
508,Kristinehamn,SE,59.3098,14.1081,46.96,92,100,3.42,overcast clouds
509,Sisimiut,GL,66.9395,-53.6735,31.6,81,92,9.17,overcast clouds
510,Sur,OM,22.5667,59.5289,79.16,76,1,5.7,clear sky
511,San Carlos,VE,9.6612,-68.5827,75.36,90,88,2.62,overcast clouds
512,Utete,TZ,-7.986,38.758,67.32,95,9,1.36,clear sky
513,Tura,IN,25.5198,90.2201,72.63,97,100,2.95,heavy intensity rain
514,Port Keats,AU,-14.25,129.55,86.2,49,8,1.86,clear sky
515,Carballo,ES,43.213,-8.691,59.86,93,99,2.37,overcast clouds
516,Turukhansk,RU,65.8167,87.9833,28.04,87,99,8.7,overcast clouds
517,Deputatskiy,RU,69.3,139.9,8.29,94,99,4.18,overcast clouds
518,Canto Do Buriti,BR,-8.11,-42.9444,81.95,25,21,4.14,few clouds
519,Den Helder,NL,52.9599,4.7593,58.98,78,100,6.91,overcast clouds
520,Seymchan,RU,62.8833,152.4333,24.49,85,94,4.45,overcast clouds
521,Sembakung,ID,3.8167,117.25,78.8,87,99,1.9,overcast clouds
522,Savinka,RU,50.0785,47.0994,63.28,43,97,20.51,overcast clouds
523,Little Current,CA,45.9793,-81.9248,53.65,43,23,4.76,few clouds
524,Kenitra,MA,34.261,-6.5802,66.96,62,48,8.55,scattered clouds
525,Doha,QA,25.2867,51.5333,82.38,74,0,2.3,clear sky
526,Listvyagi,RU,53.6772,86.951,24.33,85,17,4.56,few clouds
527,Krasnoselkup,RU,65.7,82.4667,30.58,73,100,13.18,overcast clouds
528,Phatthalung,TH,7.5,100.0833,78.04,82,97,3.24,moderate rain
529,Nefteyugansk,RU,61.0998,72.6035,31.84,76,96,14.94,overcast clouds
530,College,US,64.8569,-147.8028,45.07,88,100,0.0,overcast clouds
531,Itaituba,BR,-4.2761,-55.9836,79.75,67,91,1.39,very heavy rain
532,Bandarbeyla,SO,9.4942,50.8122,76.93,82,97,23.33,overcast clouds
533,Merauke,ID,-8.4667,140.3333,83.32,74,55,8.95,broken clouds
534,Nasirabad,IN,26.3,74.7333,74.66,66,0,13.6,clear sky
535,Kitimat,CA,54.0524,-128.6534,68.38,52,93,2.62,overcast clouds
536,Gazanjyk,TM,39.2446,55.5154,55.02,14,0,13.85,clear sky
537,Petit Goave,HT,18.4314,-72.8669,81.48,79,86,5.77,overcast clouds
538,Halifax,CA,44.6453,-63.5724,48.2,69,100,12.66,overcast clouds
539,Inhambane,MZ,-23.865,35.3833,69.12,85,0,4.61,clear sky
540,Takoradi,GH,4.8845,-1.7554,74.75,91,43,5.3,scattered clouds
541,Ishigaki,JP,24.3448,124.1572,82.53,74,20,8.05,few clouds
542,Nacala,MZ,-14.5428,40.6728,71.02,86,0,0.51,clear sky
543,Fuxin,CN,42.0156,121.6589,47.03,77,100,17.81,moderate rain
544,Salina,US,38.8403,-97.6114,80.73,22,0,12.66,clear sky
545,Oga,IT,46.4631,10.347,48.74,96,18,6.98,few clouds
546,Mae Hong Son,TH,19.3003,97.9685,75.34,100,75,0.0,mist
547,Billings,US,45.7833,-108.5007,61.29,62,75,4.61,broken clouds
548,Filadelfia,US,39.9523,-75.1638,53.15,95,100,3.0,moderate rain
549,Saint-Paul,RE,-21.0096,55.2707,69.89,72,51,1.7,broken clouds
550,Council Bluffs,US,41.2619,-95.8608,77.52,36,0,10.36,clear sky
551,Emirdag,TR,39.0197,31.15,51.82,78,4,2.95,clear sky
552,Axim,GH,4.8699,-2.2405,74.8,91,30,4.79,scattered clouds
553,Grand-Santi,GF,4.25,-54.3833,73.26,96,98,2.28,overcast clouds
554,Arauco,CL,-37.2463,-73.3175,50.61,87,97,3.74,overcast clouds
555,Warmbad,NA,-28.45,18.7333,64.11,26,0,4.92,clear sky
556,Sorland,NO,67.667,12.6934,51.66,88,100,17.43,overcast clouds
557,Camana,PE,-16.6228,-72.7111,62.49,80,58,6.98,broken clouds
558,Panjab,AF,34.388,67.0233,42.49,39,0,2.19,clear sky
559,Saint-Pierre,RE,-21.3393,55.4781,67.68,66,20,8.05,few clouds
560,Solnechnyy,RU,50.7214,136.6319,46.27,97,100,3.58,moderate rain
561,Alpena,US,45.0617,-83.4327,48.52,78,0,4.61,clear sky
562,San Luis,AR,-33.295,-66.3356,68.68,34,32,9.22,scattered clouds
563,Kapit,MY,2.0167,112.9333,73.58,100,100,1.23,light rain
564,Imbituba,BR,-28.24,-48.6703,61.32,88,21,8.46,few clouds
565,La Asuncion,VE,11.0333,-63.8628,85.73,66,6,11.5,clear sky
566,Kastamonu,TR,41.5,33.6667,51.21,88,36,2.84,scattered clouds
567,Kostek,RU,43.3439,46.8541,68.63,71,78,17.85,broken clouds
568,Chardara,KZ,41.2547,67.9692,54.27,30,37,5.35,scattered clouds
569,Coolum Beach,AU,-26.5333,153.1,68.11,77,60,12.19,broken clouds
570,Martapura,ID,-3.4167,114.85,77.09,94,40,3.44,scattered clouds
571,Rio Grande,BR,-32.035,-52.0986,57.31,87,8,2.42,clear sky
572,Puerto Escondido,MX,15.85,-97.0667,80.1,81,87,1.88,overcast clouds
573,Bjerkvik,NO,68.5597,17.5189,45.99,89,95,5.75,overcast clouds
574,Road Town,VG,18.4167,-64.6167,84.29,89,40,3.44,scattered clouds
575,Samarkand,UZ,39.6542,66.9597,54.82,41,62,9.22,broken clouds
576,Manaus,BR,-3.1019,-60.025,86.49,70,40,6.91,light rain
577,Mora,CM,11.0461,14.1401,79.52,68,62,4.85,broken clouds
578,Lagos,NG,6.5833,3.75,79.12,95,56,2.35,broken clouds
579,Dunmore Town,BS,25.5,-76.65,81.95,73,5,6.67,clear sky
580,Lasa,IT,46.6166,10.7002,47.35,96,36,7.4,scattered clouds
581,Kangaatsiaq,GL,68.3065,-53.4641,35.44,76,90,6.82,overcast clouds
582,Semirom,IR,31.4167,51.5667,52.03,34,0,2.15,clear sky
583,Sabratah,LY,32.7933,12.4885,72.41,66,0,4.59,clear sky
584,Dalvik,IS,65.9702,-18.5286,44.53,79,83,8.81,broken clouds
585,Cockburn Town,TC,21.4612,-71.1419,83.25,75,99,6.17,overcast clouds
586,Charters Towers,AU,-20.1,146.2667,80.44,49,74,12.03,broken clouds
587,Rurrenabaque,BO,-14.4413,-67.5278,78.28,61,30,1.07,scattered clouds
588,Hayden,US,47.766,-116.7866,78.49,46,0,5.75,clear sky
589,Belyy Yar,RU,53.6039,91.3903,24.85,81,0,2.24,clear sky
590,Menongue,AO,-14.6585,17.691,65.39,30,58,3.0,broken clouds
591,Teahupoo,PF,-17.8333,-149.2667,78.76,75,94,12.48,overcast clouds
592,Phalodi,IN,27.1333,72.3667,80.26,51,0,11.03,clear sky
593,Nuristan,AF,35.3,70.8333,35.26,59,9,2.01,clear sky
594,Qaqortoq,GL,60.7167,-46.0333,35.24,68,26,2.21,scattered clouds
595,Zeya,RU,53.75,127.2667,29.53,64,3,9.28,clear sky
596,Marsh Harbour,BS,26.5412,-77.0636,80.49,76,23,10.8,light rain
597,Rudbar,AF,30.15,62.6,67.1,26,0,7.81,clear sky
598,Tanah Merah,MY,5.8,102.15,75.02,97,100,1.9,overcast clouds
599,Santiago Del Estero,AR,-27.7951,-64.2615,73.94,31,0,6.04,clear sky
600,Jitra,MY,6.2681,100.4217,75.09,94,20,2.3,few clouds
601,Chiang Khong,TH,20.2613,100.4046,71.76,100,100,1.3,overcast clouds
602,Bilma,NE,18.6853,12.9164,88.95,13,0,8.7,clear sky
603,Khorixas,NA,-20.3667,14.9667,69.82,25,0,2.98,clear sky
604,Ottumwa,US,41.02,-92.4113,72.16,59,0,8.05,clear sky
605,Okhotsk,RU,59.3833,143.3,36.99,73,100,10.0,overcast clouds
606,Awjilah,LY,29.1081,21.2869,75.7,46,0,16.64,clear sky
607,The Valley,AI,18.217,-63.0578,82.54,78,40,6.91,scattered clouds
608,Lalmohan,BD,22.3384,90.7419,81.27,84,99,16.28,light rain
609,Port Augusta,AU,-32.5,137.7667,68.65,33,100,11.3,light rain
610,Campbell River,CA,50.0163,-125.2446,77.38,41,20,3.44,few clouds
611,Acajutla,SV,13.5928,-89.8275,80.06,81,89,5.1,overcast clouds
612,San Pedro,PH,14.35,121.0167,79.83,87,75,4.61,heavy intensity rain
613,Oksfjord,NO,70.2396,22.3479,39.38,82,49,3.15,scattered clouds
614,Leh,IN,34.1667,77.5833,44.22,48,0,3.53,clear sky
615,Hirara,JP,24.8,125.2833,80.87,83,20,4.61,few clouds
616,Nador,MA,35.174,-2.9287,71.85,83,100,4.61,overcast clouds
617,Marrakesh,MA,31.6315,-8.0083,75.27,35,2,6.91,clear sky
618,Matara,LK,5.9485,80.5353,78.57,83,96,17.65,overcast clouds
619,Saint-Francois,FR,46.4154,3.9054,58.44,94,75,4.61,broken clouds
620,Shiliguri,IN,26.7,88.4333,75.99,89,92,4.14,overcast clouds
621,Yarkovo,RU,57.4028,67.0786,40.82,48,100,10.98,overcast clouds
622,Garachine,PA,8.0647,-78.3628,79.25,82,61,4.25,broken clouds
623,Bereda,ES,43.2686,-7.5406,58.14,100,100,2.75,overcast clouds
624,Arraias,BR,-12.9288,-46.9437,80.49,42,73,4.9,broken clouds
625,Ardakan,IR,32.31,54.0175,68.79,29,2,5.91,clear sky
626,San Ramon De La Nueva Oran,AR,-23.1322,-64.326,71.42,53,95,4.18,overcast clouds
627,Bahir Dar,ET,11.5936,37.3908,59.04,96,100,4.88,light rain
628,Reconquista,AR,-29.15,-59.65,63.54,53,0,9.48,clear sky
629,Mackenzie,CA,55.2999,-123.1698,66.42,37,0,4.61,clear sky
630,Bosaso,SO,11.2842,49.1816,84.56,63,84,4.92,broken clouds
631,Ayan,RU,56.45,138.1667,39.43,53,51,15.88,broken clouds
632,Afyonkarahisar,TR,38.75,30.6667,50.88,75,0,3.78,clear sky
633,Dong Xoai,VN,11.5333,106.9167,75.22,94,100,3.33,overcast clouds
634,Olinda,BR,-8.0089,-34.8553,76.73,78,75,6.91,broken clouds
635,Centralia,US,46.7162,-122.9543,85.48,42,0,1.01,clear sky
636,Chimbote,PE,-9.0853,-78.5783,62.47,85,13,8.25,few clouds
637,Lexington,US,37.9887,-84.4777,69.12,55,75,17.27,broken clouds
638,Kroya,ID,-7.6331,109.2461,78.12,87,100,4.25,overcast clouds
639,Henties Bay,NA,-22.116,14.2845,55.56,91,3,5.12,clear sky
640,Darnah,LY,32.767,22.6367,73.65,71,2,24.34,clear sky
641,Revelstoke,CA,50.9832,-118.2023,73.42,60,0,6.91,clear sky
642,Rocha,UY,-34.4833,-54.3333,51.55,92,6,8.77,clear sky
643,Skibbereen,IE,51.55,-9.2667,57.11,84,99,7.74,overcast clouds
644,Fairview,US,40.8126,-73.999,56.12,51,100,21.85,overcast clouds
645,Quba,AZ,41.3626,48.5152,61.18,45,77,5.73,broken clouds
646,Totskoye,RU,52.5248,52.7623,53.47,43,76,15.75,broken clouds
647,Taft,IR,31.7471,54.2088,66.15,30,0,4.61,clear sky
648,Karang Tengah,ID,-7.5787,111.8642,79.66,81,99,5.3,overcast clouds
649,Trairi,BR,-3.2778,-39.2689,77.4,80,8,12.19,clear sky
650,Igrim,RU,63.1906,64.4162,38.25,86,100,10.65,light rain
651,Xuddur,SO,4.1213,43.8894,70.11,76,98,13.78,overcast clouds
652,Alvaraes,BR,-3.2208,-64.8042,74.37,93,63,1.48,broken clouds
653,Suleja,NG,9.1758,7.1808,72.59,92,77,3.42,broken clouds
654,Slavonice,CZ,48.9975,15.3515,51.62,87,88,14.09,overcast clouds
655,Dunedin,NZ,-45.8742,170.5036,49.15,72,45,20.13,scattered clouds
656,Yertsevo,RU,60.7966,40.086,41.81,95,100,7.02,overcast clouds
657,Tucurui,BR,-3.7661,-49.6725,87.24,39,82,2.46,broken clouds
658,Togur,RU,58.3631,82.8265,25.56,89,23,3.87,few clouds
659,Marawi,PH,7.9986,124.2928,75.63,79,100,1.12,overcast clouds
660,Hamilton,US,39.1834,-84.5333,64.89,65,20,6.91,few clouds
661,Joao Camara,BR,-5.5375,-35.8197,72.12,81,3,11.43,clear sky
662,Viedma,AR,-40.8135,-62.9967,45.16,69,90,10.71,overcast clouds
663,Karratha,AU,-20.7377,116.8463,76.42,50,15,14.83,few clouds
664,Beringovskiy,RU,63.05,179.3167,40.78,72,96,14.25,overcast clouds
665,Linping,CN,30.4225,120.2972,85.95,68,0,7.87,clear sky
666,Patan,NP,27.6667,85.3333,66.58,88,20,2.3,few clouds
667,San Patricio,US,28.017,-97.5169,82.35,44,100,8.88,overcast clouds
668,Broadstairs,GB,51.3591,1.4394,51.21,59,8,1.39,clear sky
669,Sergeyevka,KZ,53.88,67.4158,31.12,51,0,6.06,clear sky
670,Kholmogory,RU,64.2229,41.656,40.24,88,100,4.65,overcast clouds
671,Dedza,MW,-14.3779,34.3332,60.84,41,0,3.18,clear sky
672,Alamogordo,US,32.8995,-105.9603,78.22,41,0,14.97,clear sky
673,Sohag,EG,26.557,31.6948,82.69,27,0,7.18,clear sky
674,Paka,MY,4.6374,103.4368,76.98,94,40,2.3,scattered clouds
675,Sadiqabad,PK,28.3062,70.1307,80.1,63,0,8.84,clear sky
676,Tual,ID,-5.6667,132.75,82.74,75,50,10.22,scattered clouds
677,Umm Kaddadah,SD,13.6017,26.6876,83.82,47,69,11.74,light rain
678,Ouidah,BJ,6.3631,2.0851,76.86,88,96,5.28,overcast clouds
679,Cayenne,GF,4.9333,-52.3333,78.84,89,20,1.14,few clouds
680,Ambon,ID,-3.6954,128.1814,86.14,70,0,2.3,clear sky
681,Trinidad,BO,-14.8333,-64.9,89.58,51,20,3.44,few clouds
682,Mantua,IT,45.1667,10.7833,61.95,87,15,1.01,few clouds
683,Itarema,BR,-2.9248,-39.9167,77.63,80,6,16.58,clear sky
684,Becerril,CO,9.7041,-73.2793,79.29,77,25,4.23,scattered clouds
685,Khandyga,RU,62.6667,135.6,25.05,51,72,4.41,broken clouds
686,Guiyang,CN,26.5833,106.7167,70.29,78,75,15.66,broken clouds
687,Rio Bananal,BR,-19.265,-40.3333,70.66,86,74,4.54,broken clouds
688,Turayf,SA,31.6725,38.6637,73.65,28,0,6.91,clear sky
689,Puerto Madryn,AR,-42.7692,-65.0385,49.64,59,98,18.12,overcast clouds
690,Buluang,PH,13.3068,123.3425,81.46,81,87,2.73,overcast clouds
691,Umm Lajj,SA,25.0213,37.2685,83.7,53,0,4.41,clear sky
692,Valdivia,CL,-39.8142,-73.2459,55.49,87,100,3.36,overcast clouds
693,Ruy Barbosa,BR,-12.2839,-40.4939,74.77,72,31,10.0,scattered clouds
694,Kigoma,TZ,-4.8769,29.6267,77.56,65,76,3.51,broken clouds
695,Linhares,BR,-19.3911,-40.0722,70.32,88,47,3.69,scattered clouds
696,Odienne,CI,9.51,-7.5692,72.23,92,100,4.81,moderate rain
697,Porto De Moz,BR,-1.7483,-52.2383,81.5,59,85,4.52,overcast clouds
698,Kenai,US,60.5544,-151.2583,49.08,92,100,5.75,light rain
699,Pochutla,MX,15.7432,-96.4661,76.41,89,99,4.36,overcast clouds
700,Neyshabur,IR,36.2133,58.7958,57.11,31,0,0.89,clear sky
701,Sinesti,RO,47.1167,27.1833,52.07,67,14,5.03,few clouds
702,Pecos,US,31.4229,-103.4932,85.03,21,0,17.27,clear sky
703,Hrubieszow,PL,50.805,23.8925,47.26,93,89,11.77,overcast clouds
704,Byron Bay,AU,-28.65,153.6167,62.94,66,71,8.39,broken clouds
705,Gat,IL,31.61,34.7642,77.4,71,0,4.74,clear sky
706,Puerto Del Rosario,ES,28.5004,-13.8627,73.15,78,0,8.05,clear sky
707,Mwene-Ditu,CD,-7.0,23.45,64.47,92,100,1.1,overcast clouds
708,Pacific Grove,US,36.6177,-121.9166,73.08,67,20,9.22,smoke
709,Ginir,ET,7.1333,40.7,57.99,81,79,5.17,broken clouds
710,Katesh,TZ,-4.5167,35.3833,55.6,62,43,4.23,scattered clouds
711,Norwich,GB,52.6278,1.2983,50.32,87,4,4.61,clear sky
712,Trabzon,TR,40.9167,39.8333,62.69,88,75,17.27,broken clouds
